id,first_name,last_name,email,gender,ip_address
1,Philippa,Fencott,pfencott0@nhs.uk,Female,252.198.157.179
2,Fernande,Iiannoni,fiiannoni1@arstechnica.com,Female,15.141.173.100
3,Hillary,Grimston,hgrimston2@oakley.com,Female,252.158.81.120
4,Tonia,Barnett,tbarnett3@whitehouse.gov,Female,167.251.232.52
5,Caroline,McGrann,cmcgrann4@amazon.com,Female,218.46.223.89
6,Heather,Hiscoke,hhiscoke5@google.com.br,Female,139.244.200.250
7,Derk,Perello,dperello6@blog.com,Male,214.213.69.227
8,Gabrielle,Silverwood,gsilverwood7@about.me,Female,92.143.169.95
9,Jaquelin,Antoons,jantoons8@symantec.com,Female,99.8.37.226
10,Mendel,Emmens,memmens9@instagram.com,Male,83.189.43.222
11,Patty,Barlace,pbarlacea@independent.co.uk,Male,99.79.182.44
12,Pauli,Fidgin,pfidginb@technorati.com,Female,37.14.70.102
13,Muffin,Gini,mginic@yale.edu,Male,169.1.110.147
14,Robinet,Birley,rbirleyd@theguardian.com,Female,217.246.84.226
15,Briny,France,bfrancee@sakura.ne.jp,Female,160.156.192.174
16,Courtney,Lippatt,clippattf@japanpost.jp,Female,92.112.243.221
17,Renell,Grishakov,rgrishakovg@cornell.edu,Female,67.208.181.8
18,Beilul,Kimbly,bkimblyh@flavors.me,Female,246.96.237.77
19,Lanna,Duberry,lduberryi@pbs.org,Female,64.234.51.222
20,Rochelle,Heugh,rheughj@blogtalkradio.com,Female,193.66.108.190
21,Perice,Kleinstub,pkleinstubk@answers.com,Male,12.181.176.189
22,Adolpho,Limb,alimbl@intel.com,Male,73.32.239.194
23,Jere,Tchaikovsky,jtchaikovskym@mozilla.com,Male,54.208.83.226
24,Elysee,MacAndie,emacandien@shutterfly.com,Female,78.253.156.52
25,Tarrah,Ody,todyo@bloglines.com,Female,10.168.27.173
26,Belicia,Olivari,bolivarip@devhub.com,Female,174.121.159.19
27,Benoit,Shelmardine,bshelmardineq@shinystat.com,Male,166.236.180.113
28,Drona,Chidlow,dchidlowr@so-net.ne.jp,Female,189.200.21.52
29,Sylvester,Hovert,shoverts@cbsnews.com,Male,86.253.215.25
30,Sabra,Rossbrooke,srossbrooket@newsvine.com,Female,226.168.154.101
31,Kristian,Trillow,ktrillowu@posterous.com,Male,219.23.98.245
32,Zacherie,Salterne,zsalternev@surveymonkey.com,Male,115.191.184.220
33,Devonna,Flicker,dflickerw@howstuffworks.com,Female,255.239.168.90
34,Erma,Greystoke,egreystokex@taobao.com,Female,153.60.21.36
35,Temple,Daintrey,tdaintreyy@house.gov,Male,141.243.193.145
36,Ad,Underdown,aunderdownz@wired.com,Male,210.73.147.141
37,Florian,Willford,fwillford10@flavors.me,Male,209.241.65.204
38,Roanna,Adams,radams11@mashable.com,Female,110.177.202.16
39,Basile,Bakesef,bbakesef12@tumblr.com,Male,55.254.78.177
40,Leslie,Lawlie,llawlie13@berkeley.edu,Female,217.211.12.15
41,Iosep,Ryott,iryott14@artisteer.com,Male,75.226.221.96
42,Fulvia,Casaletto,fcasaletto15@nba.com,Female,82.200.32.191
43,Tremain,Kindley,tkindley16@salon.com,Male,53.71.209.187
44,Ramonda,Bernardos,rbernardos17@fema.gov,Female,35.103.91.76
45,Dominga,Di Pietro,ddipietro18@seesaa.net,Female,235.247.52.74
46,Ricki,Lowne,rlowne19@cbc.ca,Female,217.104.77.232
47,Del,Cawkill,dcawkill1a@whitehouse.gov,Male,98.64.33.170
48,Em,Cregeen,ecregeen1b@over-blog.com,Male,106.97.114.213
49,Tanhya,Windram,twindram1c@utexas.edu,Female,100.122.179.65
50,Ania,Dawes,adawes1d@usa.gov,Female,235.118.222.249
51,Merl,McQuilliam,mmcquilliam1e@merriam-webster.com,Female,247.254.205.247
52,Oralia,Burleigh,oburleigh1f@delicious.com,Female,10.172.199.130
53,Jareb,Kowalik,jkowalik1g@tripadvisor.com,Male,7.168.38.106
54,Lydia,Heritege,lheritege1h@phpbb.com,Female,206.103.24.81
55,Tuckie,Cadagan,tcadagan1i@drupal.org,Male,190.192.27.17
56,Ginni,Ringwood,gringwood1j@ebay.com,Female,229.44.185.60
57,Gerek,Cranshaw,gcranshaw1k@mac.com,Male,123.225.137.80
58,Reina,Blankenship,rblankenship1l@liveinternet.ru,Female,168.202.6.235
59,Jimmie,Reck,jreck1m@ehow.com,Male,60.120.112.71
60,Lynnett,Rourke,lrourke1n@addthis.com,Female,110.172.127.14
61,Petr,Kestell,pkestell1o@mapy.cz,Male,84.239.84.114
62,Kelila,Scollard,kscollard1p@delicious.com,Female,98.15.102.203
63,Cyndia,O'Fihillie,cofihillie1q@soup.io,Female,151.90.210.195
64,Foster,Elden,felden1r@google.ru,Male,150.44.41.96
65,Juieta,Preble,jpreble1s@craigslist.org,Female,102.187.200.153
66,Chane,Redfern,credfern1t@wufoo.com,Male,11.48.186.22
67,Granthem,Strafford,gstrafford1u@yale.edu,Male,62.143.39.41
68,Ezekiel,Rooze,erooze1v@myspace.com,Male,248.64.179.79
69,Shay,Stollard,sstollard1w@omniture.com,Male,72.115.186.233
70,Ham,Retter,hretter1x@marriott.com,Male,180.243.104.135
71,Kalina,Doram,kdoram1y@icio.us,Female,244.165.234.230
72,Linet,Carville,lcarville1z@patch.com,Female,151.252.209.45
73,Horatio,Burke,hburke20@quantcast.com,Male,3.172.92.65
74,Winnie,Eborn,weborn21@sun.com,Female,97.134.112.68
75,Leoine,Rhymes,lrhymes22@addthis.com,Female,5.112.177.219
76,Jinny,Flowers,jflowers23@cnn.com,Female,50.46.64.81
77,Nicolle,Sifleet,nsifleet24@hugedomains.com,Female,245.104.155.197
78,Taite,Letixier,tletixier25@meetup.com,Male,208.215.48.85
79,Arlene,Naish,anaish26@prweb.com,Female,232.29.117.219
80,Talyah,Geard,tgeard27@businessweek.com,Female,157.228.33.233
81,Brady,Fontel,bfontel28@prweb.com,Male,212.119.160.120
82,Nickey,Conn,nconn29@cyberchimps.com,Male,74.3.233.119
83,Fidole,Gardener,fgardener2a@nba.com,Male,176.172.131.3
84,Minor,Parkins,mparkins2b@seattletimes.com,Male,68.249.177.238
85,Brigg,Coates,bcoates2c@nydailynews.com,Male,38.126.139.212
86,Bronson,Ronaldson,bronaldson2d@sitemeter.com,Male,221.14.159.123
87,Saudra,Rapa,srapa2e@cmu.edu,Female,246.54.116.196
88,Conni,Swindall,cswindall2f@gravatar.com,Female,195.148.54.220
89,Curry,Armitt,carmitt2g@123-reg.co.uk,Male,100.136.189.4
90,Wadsworth,Gately,wgately2h@barnesandnoble.com,Male,224.64.74.250
91,Geoff,Bartomeu,gbartomeu2i@smugmug.com,Male,183.162.200.16
92,Reade,Lowerson,rlowerson2j@amazon.com,Male,214.163.33.82
93,Massimo,McQuilkin,mmcquilkin2k@vimeo.com,Male,239.68.137.180
94,Carmine,Bitten,cbitten2l@altervista.org,Female,221.152.160.251
95,Mildred,Ditts,mditts2m@vkontakte.ru,Female,220.112.238.6
96,Fallon,Spinige,fspinige2n@mashable.com,Female,67.87.58.93
97,Mia,Tarbert,mtarbert2o@theglobeandmail.com,Female,47.174.48.41
98,Noellyn,Amdohr,namdohr2p@a8.net,Female,249.134.126.164
99,Carissa,Candelin,ccandelin2q@mlb.com,Female,67.170.147.104
100,Burgess,Sline,bsline2r@unc.edu,Male,160.189.62.78
101,Bartolemo,Meadowcraft,bmeadowcraft2s@craigslist.org,Male,80.231.191.21
102,Demeter,Hassard,dhassard2t@biblegateway.com,Female,201.76.53.107
103,Lynea,De Laci,ldelaci2u@npr.org,Female,132.115.199.249
104,Matteo,Nequest,mnequest2v@google.it,Male,73.31.171.163
105,Noelle,Farmiloe,nfarmiloe2w@smugmug.com,Female,10.140.86.65
106,Witty,Keemar,wkeemar2x@zdnet.com,Male,149.228.106.138
107,Court,Purrington,cpurrington2y@who.int,Male,130.6.107.170
108,Osmund,Yurlov,oyurlov2z@51.la,Male,44.224.170.9
109,Alexandro,Adamo,aadamo30@devhub.com,Male,176.201.79.220
110,Kermy,Frill,kfrill31@unblog.fr,Male,37.43.186.155
111,Juliann,Dowrey,jdowrey32@youku.com,Female,136.178.150.22
112,Catie,Blasdale,cblasdale33@stanford.edu,Female,103.32.222.221
113,Brewer,Brundrett,bbrundrett34@paginegialle.it,Male,83.252.64.103
114,Teena,Segge,tsegge35@reverbnation.com,Female,95.239.208.126
115,Hilliard,Tappington,htappington36@topsy.com,Male,209.9.7.99
116,Peyter,Kerrod,pkerrod37@networkadvertising.org,Male,7.166.137.12
117,Gearard,Norcliff,gnorcliff38@foxnews.com,Male,1.147.10.47
118,Mendie,Blackshaw,mblackshaw39@seesaa.net,Male,144.80.140.196
119,Electra,Counihan,ecounihan3a@hubpages.com,Female,221.230.24.79
120,Gaultiero,Huckleby,ghuckleby3b@google.com.br,Male,160.190.53.139
121,Samara,Loxston,sloxston3c@oaic.gov.au,Female,220.251.234.158
122,Patton,Kinsley,pkinsley3d@europa.eu,Male,189.127.167.238
123,Cris,Sinkins,csinkins3e@unicef.org,Female,183.151.57.175
124,Jamil,Popplewell,jpopplewell3f@nsw.gov.au,Male,88.131.96.98
125,Lothario,Alu,lalu3g@studiopress.com,Male,70.61.56.85
126,Wye,Perfect,wperfect3h@oaic.gov.au,Male,203.223.112.157
127,Georgiana,Bogart,gbogart3i@japanpost.jp,Female,92.90.94.222
128,Melinda,Ashlee,mashlee3j@cdc.gov,Female,224.83.53.73
129,Aidan,Llop,allop3k@ted.com,Female,88.95.158.58
130,Andriana,Breckin,abreckin3l@nhs.uk,Female,80.120.173.51
131,Christen,Vennings,cvennings3m@tumblr.com,Female,224.133.61.214
132,Demetre,Matias,dmatias3n@arstechnica.com,Male,7.55.142.144
133,Danell,Corser,dcorser3o@flickr.com,Female,227.124.153.7
134,Mikkel,Okenden,mokenden3p@blogs.com,Male,82.31.152.192
135,Gayle,Capel,gcapel3q@usnews.com,Male,188.240.31.217
136,Julio,Glandon,jglandon3r@bandcamp.com,Male,235.157.192.5
137,Ambrosio,Feragh,aferagh3s@cpanel.net,Male,140.245.191.247
138,Waverly,Vardie,wvardie3t@telegraph.co.uk,Male,35.29.255.31
139,Chrissie,Woodroffe,cwoodroffe3u@woothemes.com,Male,32.144.156.215
140,Renata,Vasyukhichev,rvasyukhichev3v@shop-pro.jp,Female,125.54.247.206
141,Theobald,Granham,tgranham3w@bigcartel.com,Male,30.152.236.242
142,Alanson,Huggon,ahuggon3x@freewebs.com,Male,105.14.86.111
143,Frans,Durnford,fdurnford3y@toplist.cz,Male,44.92.174.19
144,Phillipe,Scrowton,pscrowton3z@twitter.com,Male,123.230.162.67
145,Waring,Novotni,wnovotni40@elegantthemes.com,Male,249.234.122.23
146,Forester,Walkden,fwalkden41@yellowpages.com,Male,82.42.129.87
147,Erika,Boldecke,eboldecke42@elpais.com,Female,183.241.50.96
148,Neal,Gruszczak,ngruszczak43@marketwatch.com,Male,224.52.90.78
149,Yvon,Ream,yream44@thetimes.co.uk,Male,109.4.22.141
150,Wilhelmina,Keher,wkeher45@nasa.gov,Female,68.253.81.218
151,Berna,Daykin,bdaykin46@reddit.com,Female,107.170.152.70
152,Judith,Doorly,jdoorly47@sina.com.cn,Female,7.84.114.20
153,Althea,Dusting,adusting48@discuz.net,Female,118.230.95.254
154,Brigg,Stonbridge,bstonbridge49@unicef.org,Male,192.79.105.211
155,Wallis,Hallybone,whallybone4a@joomla.org,Male,122.134.82.185
156,Berti,Gelling,bgelling4b@weibo.com,Male,10.159.169.28
157,Stafford,Vazquez,svazquez4c@nbcnews.com,Male,144.220.59.245
158,Alfie,Taffee,ataffee4d@deliciousdays.com,Male,29.151.58.96
159,Mireielle,Coil,mcoil4e@irs.gov,Female,248.238.87.112
160,Gar,Vazquez,gvazquez4f@google.fr,Male,152.121.12.58
161,Darren,Goathrop,dgoathrop4g@independent.co.uk,Male,235.58.123.45
162,Tony,Yakovitch,tyakovitch4h@usda.gov,Male,186.186.93.156
163,Celestia,Kopp,ckopp4i@wisc.edu,Female,119.78.75.14
164,Hayden,Hlavecek,hhlavecek4j@unesco.org,Male,200.48.238.166
165,Talbot,Louch,tlouch4k@icq.com,Male,44.53.140.44
166,Dulcia,Ekless,dekless4l@hud.gov,Female,172.69.76.32
167,Cordula,Brotherheed,cbrotherheed4m@ca.gov,Female,160.152.10.115
168,Dorian,Dauber,ddauber4n@shop-pro.jp,Male,52.155.86.80
169,Neel,Van den Velden,nvandenvelden4o@businessweek.com,Male,105.2.211.22
170,Joye,Fieldstone,jfieldstone4p@ebay.co.uk,Female,159.70.159.139
171,Shelley,Labarre,slabarre4q@arstechnica.com,Female,100.122.204.13
172,Regina,Degg,rdegg4r@4shared.com,Female,65.73.182.2
173,Nani,Coghlan,ncoghlan4s@telegraph.co.uk,Female,245.222.215.72
174,Niall,Arber,narber4t@wisc.edu,Male,225.106.221.173
175,Janelle,Metzing,jmetzing4u@last.fm,Female,203.13.219.211
176,Bearnard,Malia,bmalia4v@noaa.gov,Male,38.38.91.66
177,Esdras,Gazey,egazey4w@imgur.com,Male,14.143.197.114
178,Robbin,Blacksell,rblacksell4x@walmart.com,Female,29.27.192.152
179,Care,Filippucci,cfilippucci4y@hao123.com,Male,203.148.15.179
180,Amandi,Varnham,avarnham4z@yolasite.com,Female,91.115.85.217
181,Munroe,Adriaens,madriaens50@foxnews.com,Male,226.9.101.183
182,Ruy,Hansemann,rhansemann51@apple.com,Male,79.72.201.227
183,Rivy,Belsher,rbelsher52@ucoz.ru,Female,36.8.95.144
184,Elayne,Rewbottom,erewbottom53@sbwire.com,Female,10.61.42.175
185,Margaux,Edlyn,medlyn54@nifty.com,Female,164.222.38.210
186,Monte,Goldster,mgoldster55@eventbrite.com,Male,58.133.167.96
187,Alasteir,Bindin,abindin56@reverbnation.com,Male,59.91.168.164
188,Annaliese,Cudde,acudde57@businessinsider.com,Female,57.186.154.112
189,Lenci,Tuohy,ltuohy58@arizona.edu,Male,88.159.87.163
190,Findley,Piborn,fpiborn59@simplemachines.org,Male,128.8.238.252
191,Katrinka,Gier,kgier5a@economist.com,Female,237.251.115.114
192,Shaun,Sked,ssked5b@twitter.com,Male,216.235.198.83
193,Wald,Palmer,wpalmer5c@dyndns.org,Male,141.57.38.110
194,Bibby,Feldbrin,bfeldbrin5d@youtu.be,Female,126.86.7.101
195,Teresina,Broose,tbroose5e@ycombinator.com,Female,75.126.234.85
196,Penni,Toffolo,ptoffolo5f@buzzfeed.com,Female,56.136.189.199
197,Leonore,Nast,lnast5g@reverbnation.com,Female,237.64.142.136
198,Phebe,Kinder,pkinder5h@hibu.com,Female,170.211.179.240
199,Donnie,Quadling,dquadling5i@ovh.net,Female,103.70.9.164
200,Mandel,Blagdon,mblagdon5j@creativecommons.org,Male,204.46.99.243
201,Nicolais,Beharrell,nbeharrell5k@instagram.com,Male,172.138.251.189
202,Wakefield,Kirmond,wkirmond5l@diigo.com,Male,100.112.234.88
203,Britta,Malloy,bmalloy5m@blinklist.com,Female,172.175.113.147
204,Kittie,Parmby,kparmby5n@imageshack.us,Female,206.107.13.43
205,Worden,Bertot,wbertot5o@trellian.com,Male,167.91.101.174
206,Penelopa,Carloni,pcarloni5p@economist.com,Female,173.149.10.2
207,Marcela,Dudhill,mdudhill5q@paypal.com,Female,226.11.119.190
208,Piggy,Eddoes,peddoes5r@goodreads.com,Male,65.90.165.170
209,Saundra,Stewartson,sstewartson5s@mail.ru,Female,37.44.216.101
210,Dorie,Joss,djoss5t@businessinsider.com,Male,189.188.37.162
211,Florella,McKee,fmckee5u@g.co,Female,34.218.55.147
212,Sadye,Targett,stargett5v@examiner.com,Female,148.240.11.179
213,Bevon,Toderi,btoderi5w@bloomberg.com,Male,207.6.164.176
214,Clerc,Dufer,cdufer5x@sohu.com,Male,57.123.100.221
215,Ryley,Fashion,rfashion5y@linkedin.com,Male,244.15.238.175
216,Louise,Gennings,lgennings5z@themeforest.net,Female,220.165.218.157
217,Ted,Cridland,tcridland60@ucsd.edu,Male,227.11.28.57
218,Lelah,Quickfall,lquickfall61@google.com.br,Female,162.115.253.124
219,Mair,Simm,msimm62@bluehost.com,Female,13.80.58.69
220,Cary,Gundry,cgundry63@comsenz.com,Male,230.211.122.181
221,Cristionna,Fishburn,cfishburn64@gov.uk,Female,201.102.251.40
222,Bonnibelle,Pocklington,bpocklington65@dailymotion.com,Female,89.69.28.219
223,Alford,Florio,aflorio66@devhub.com,Male,73.245.109.39
224,Georg,Thorneywork,gthorneywork67@bigcartel.com,Male,173.190.65.242
225,Lewes,Bridge,lbridge68@accuweather.com,Male,220.163.246.248
226,Jess,Ilyukhov,jilyukhov69@engadget.com,Male,161.146.202.79
227,Tammi,Gerger,tgerger6a@mac.com,Female,90.220.44.17
228,Roobbie,Devons,rdevons6b@mit.edu,Female,91.149.60.158
229,Brittany,Howood,bhowood6c@bluehost.com,Female,195.72.77.240
230,Smitty,Tregensoe,stregensoe6d@devhub.com,Male,79.31.220.2
231,Esta,Bertl,ebertl6e@elegantthemes.com,Female,148.185.0.79
232,Branden,Edser,bedser6f@vkontakte.ru,Male,8.213.4.94
233,Tiffi,Arnson,tarnson6g@prlog.org,Female,207.123.49.155
234,Giulietta,Hassen,ghassen6h@google.co.uk,Female,226.191.59.107
235,Jen,Raden,jraden6i@si.edu,Female,213.240.224.85
236,Bertine,Beacock,bbeacock6j@weibo.com,Female,255.67.255.190
237,Lief,Swinney,lswinney6k@zdnet.com,Male,134.210.218.7
238,Bunnie,Fearney,bfearney6l@webs.com,Female,239.32.228.209
239,Harman,Tettley,htettley6m@google.ca,Male,154.11.199.122
240,Reinaldo,Hazeldine,rhazeldine6n@infoseek.co.jp,Male,218.242.137.95
241,Allen,Bosward,abosward6o@google.co.uk,Male,65.146.119.88
242,Thorin,Filippyev,tfilippyev6p@furl.net,Male,233.97.13.47
243,Elsworth,Anscott,eanscott6q@cargocollective.com,Male,165.177.181.151
244,Cirilo,Borgne,cborgne6r@diigo.com,Male,239.85.216.40
245,Angelique,Lovick,alovick6s@hc360.com,Female,66.231.109.133
246,Terri-jo,Hanniger,thanniger6t@usda.gov,Female,152.169.124.198
247,Alexa,Penvarden,apenvarden6u@istockphoto.com,Female,120.83.113.187
248,Ky,Enos,kenos6v@shop-pro.jp,Male,1.91.144.248
249,Jannel,Sibbert,jsibbert6w@msn.com,Female,177.154.226.22
250,Boycey,Cordie,bcordie6x@cpanel.net,Male,250.153.153.248
251,Muriel,Priddis,mpriddis6y@google.pl,Female,114.75.35.149
252,Maddy,Coslett,mcoslett6z@usa.gov,Male,52.161.93.64
253,Maitilde,Flamank,mflamank70@weebly.com,Female,232.222.83.171
254,Othilia,Branche,obranche71@purevolume.com,Female,232.16.132.56
255,Kathryne,Loftin,kloftin72@amazon.com,Female,149.230.147.88
256,Kevina,Backshell,kbackshell73@ehow.com,Female,76.49.221.59
257,Ashton,Borrie,aborrie74@feedburner.com,Male,153.137.208.45
258,Wilton,Palffrey,wpalffrey75@jugem.jp,Male,175.247.180.145
259,Morissa,Candlin,mcandlin76@csmonitor.com,Female,222.108.175.230
260,Reuven,Balden,rbalden77@reference.com,Male,207.104.186.232
261,Fannie,Stalley,fstalley78@chron.com,Female,102.108.161.239
262,Olympe,Kitson,okitson79@cbslocal.com,Female,251.190.11.169
263,Lezley,Wragge,lwragge7a@cornell.edu,Male,204.187.240.158
264,Crissy,Ormrod,cormrod7b@livejournal.com,Female,87.179.44.121
265,Munmro,Blaes,mblaes7c@sfgate.com,Male,110.135.136.39
266,Bing,Blackly,bblackly7d@tumblr.com,Male,46.17.218.183
267,Lane,Feakins,lfeakins7e@xrea.com,Male,96.232.6.125
268,Marcello,Blesdill,mblesdill7f@foxnews.com,Male,215.54.205.107
269,Stanwood,Craigie,scraigie7g@sbwire.com,Male,159.131.65.207
270,Eziechiele,Paice,epaice7h@nydailynews.com,Male,236.235.37.163
271,Mario,Pollicatt,mpollicatt7i@hao123.com,Male,157.207.239.187
272,Mischa,Funnell,mfunnell7j@wikia.com,Male,30.220.71.119
273,Marlo,Haseley,mhaseley7k@auda.org.au,Female,11.96.18.113
274,Austen,Abrahamowitcz,aabrahamowitcz7l@tinyurl.com,Male,150.21.177.180
275,Gerry,Questier,gquestier7m@senate.gov,Male,218.125.226.157
276,Perry,Merfin,pmerfin7n@usnews.com,Male,225.215.252.139
277,Scarface,Ness,sness7o@rambler.ru,Male,122.18.1.252
278,Gideon,Kilfoyle,gkilfoyle7p@businessinsider.com,Male,174.238.143.241
279,Dorris,Coy,dcoy7q@amazon.de,Female,114.104.206.40
280,Brigid,O'Hegertie,bohegertie7r@tiny.cc,Female,108.129.16.44
281,Any,Duerden,aduerden7s@hugedomains.com,Male,187.3.39.66
282,Elsi,Dulanty,edulanty7t@topsy.com,Female,225.60.142.61
283,Nealson,Willatts,nwillatts7u@smh.com.au,Male,230.244.254.129
284,Devland,Burns,dburns7v@dot.gov,Male,59.237.14.95
285,Ella,De la Yglesias,edelayglesias7w@zimbio.com,Female,20.168.132.94
286,Brigit,Waiton,bwaiton7x@tamu.edu,Female,188.157.52.112
287,Fleurette,Chevalier,fchevalier7y@parallels.com,Female,17.134.173.26
288,Retha,Bohlsen,rbohlsen7z@mediafire.com,Female,167.132.246.44
289,Elie,McPhate,emcphate80@feedburner.com,Female,239.95.3.22
290,Cherilynn,Guthrie,cguthrie81@stumbleupon.com,Female,151.222.245.17
291,Paloma,Menauteau,pmenauteau82@census.gov,Female,145.205.110.130
292,Curtice,Strongitharm,cstrongitharm83@dailymail.co.uk,Male,132.237.242.7
293,Heindrick,Neno,hneno84@pagesperso-orange.fr,Male,17.229.113.130
294,Siana,Hammer,shammer85@free.fr,Female,21.252.104.69
295,Krystyna,Dilnot,kdilnot86@1688.com,Female,247.206.154.30
296,Itch,Smallthwaite,ismallthwaite87@huffingtonpost.com,Male,38.73.47.42
297,Caroline,Sherwill,csherwill88@bbc.co.uk,Female,28.201.123.155
298,Cheslie,Nunson,cnunson89@elegantthemes.com,Female,202.46.225.19
299,Godfree,Jorgesen,gjorgesen8a@istockphoto.com,Male,234.79.113.91
300,Ezechiel,Jemmison,ejemmison8b@theglobeandmail.com,Male,4.213.49.58
301,Teresa,Speechley,tspeechley8c@devhub.com,Female,10.199.35.124
302,Wallas,Lohoar,wlohoar8d@nsw.gov.au,Male,143.211.79.187
303,Frants,De Giovanni,fdegiovanni8e@bluehost.com,Male,197.5.216.246
304,Crystal,Eadmead,ceadmead8f@ibm.com,Female,187.41.83.159
305,Quill,Joyner,qjoyner8g@shop-pro.jp,Male,184.164.228.255
306,Culver,Plott,cplott8h@mapquest.com,Male,250.178.140.116
307,Klement,Tooher,ktooher8i@census.gov,Male,51.98.91.18
308,Wald,Coggell,wcoggell8j@shareasale.com,Male,190.142.42.240
309,Austin,Bailles,abailles8k@home.pl,Male,252.180.56.180
310,Lindy,Waters,lwaters8l@mapquest.com,Female,194.65.19.251
311,Alene,Mardlin,amardlin8m@youtu.be,Female,141.167.100.155
312,Rodolph,Mitford,rmitford8n@de.vu,Male,7.109.73.84
313,Damon,Booty,dbooty8o@europa.eu,Male,21.94.35.34
314,Rolando,Grierson,rgrierson8p@nymag.com,Male,102.43.117.153
315,Cynthea,Capinetti,ccapinetti8q@vistaprint.com,Female,61.250.252.153
316,Evelin,Skitt,eskitt8r@toplist.cz,Male,147.205.56.68
317,Gaile,Henkmann,ghenkmann8s@tmall.com,Male,83.109.82.114
318,Cheslie,Pennuzzi,cpennuzzi8t@ucoz.ru,Female,116.5.225.246
319,Hill,Klimes,hklimes8u@desdev.cn,Male,141.7.121.154
320,Ezra,Lewens,elewens8v@forbes.com,Male,52.116.247.231
321,Melisa,Whereat,mwhereat8w@fema.gov,Female,243.48.169.72
322,Earvin,Nassy,enassy8x@umich.edu,Male,67.32.36.31
323,Gunilla,Skein,gskein8y@kickstarter.com,Female,197.24.17.104
324,Bernice,Hitcham,bhitcham8z@amazon.com,Female,129.242.250.189
325,Robby,Allabarton,rallabarton90@unesco.org,Female,26.246.102.65
326,Imogene,Osban,iosban91@lycos.com,Female,215.26.67.162
327,Waneta,Choldcroft,wcholdcroft92@google.com.br,Female,184.59.52.28
328,Jacqui,Pepperell,jpepperell93@icq.com,Female,33.203.251.21
329,Connor,Mapis,cmapis94@census.gov,Male,229.114.83.78
330,Linn,Chaffin,lchaffin95@nbcnews.com,Female,205.28.54.194
331,Petey,Paull,ppaull96@bbc.co.uk,Male,73.57.32.105
332,Verile,Higgan,vhiggan97@aol.com,Female,177.199.126.148
333,Merla,Rosbotham,mrosbotham98@amazon.com,Female,30.208.74.0
334,Sher,Duignan,sduignan99@prnewswire.com,Female,91.228.137.192
335,Jethro,Hesse,jhesse9a@webeden.co.uk,Male,35.223.167.221
336,Deidre,Huyge,dhuyge9b@soundcloud.com,Female,161.83.165.80
337,Jefferey,Wear,jwear9c@myspace.com,Male,127.254.16.59
338,Andriana,Aleavy,aaleavy9d@mysql.com,Female,10.23.75.204
339,Olvan,Hembling,ohembling9e@china.com.cn,Male,25.138.42.123
340,Brade,Arias,barias9f@auda.org.au,Male,155.57.8.65
341,Muriel,Gindghill,mgindghill9g@addthis.com,Female,40.199.210.9
342,Sidnee,Suffield,ssuffield9h@ucla.edu,Male,173.149.49.67
343,Finn,Coronas,fcoronas9i@usatoday.com,Male,202.221.127.103
344,Cirstoforo,Probart,cprobart9j@pen.io,Male,74.72.45.11
345,Dre,Grogono,dgrogono9k@epa.gov,Female,210.40.252.13
346,Laurice,Recke,lrecke9l@furl.net,Female,66.41.142.119
347,Lorna,Benfield,lbenfield9m@tripod.com,Female,215.135.173.99
348,Ogdan,Kohneke,okohneke9n@yahoo.co.jp,Male,172.103.237.128
349,Bernadene,Grocott,bgrocott9o@virginia.edu,Female,141.115.19.209
350,Jocko,Challis,jchallis9p@mtv.com,Male,37.230.1.174
351,Imogen,Kleynen,ikleynen9q@ycombinator.com,Female,119.128.237.112
352,Karry,McGhee,kmcghee9r@umn.edu,Female,19.51.23.169
353,Devlin,Yurocjhin,dyurocjhin9s@oaic.gov.au,Male,25.218.202.148
354,Genevieve,Rance,grance9t@discuz.net,Female,175.111.133.188
355,Malia,McIlmorow,mmcilmorow9u@jugem.jp,Female,60.91.163.234
356,Lenci,Roles,lroles9v@tripod.com,Male,231.155.1.26
357,Christophe,Mecchi,cmecchi9w@walmart.com,Male,128.100.21.112
358,Vittoria,Blackhall,vblackhall9x@ucoz.com,Female,167.7.123.43
359,Davie,Brugemann,dbrugemann9y@businesswire.com,Male,248.118.243.173
360,Clarinda,Barber,cbarber9z@cmu.edu,Female,170.210.12.233
361,Renaldo,Suddock,rsuddocka0@time.com,Male,213.73.235.60
362,Jillie,Roma,jromaa1@hubpages.com,Female,22.205.130.204
363,Falito,Nash,fnasha2@moonfruit.com,Male,17.85.123.215
364,Stephanie,Glison,sglisona3@msu.edu,Female,11.77.109.196
365,Penelopa,Durnill,pdurnilla4@yale.edu,Female,225.147.139.114
366,Leanora,Hands,lhandsa5@webmd.com,Female,247.229.48.180
367,Gleda,Birtwistle,gbirtwistlea6@cmu.edu,Female,57.184.82.55
368,Roxie,Crocombe,rcrocombea7@sohu.com,Female,146.170.132.228
369,Andrus,Brockwell,abrockwella8@senate.gov,Male,2.146.194.2
370,Neil,Jakeway,njakewaya9@furl.net,Male,20.230.133.230
371,Carmina,Ousbie,cousbieaa@last.fm,Female,44.155.151.48
372,Consuela,Hamblett,chamblettab@ning.com,Female,50.63.115.108
373,Orelia,Stannus,ostannusac@msn.com,Female,77.240.227.233
374,Brynne,McVanamy,bmcvanamyad@youku.com,Female,62.194.254.97
375,Hynda,Kirkebye,hkirkebyeae@mapquest.com,Female,225.125.154.245
376,Natalina,Lamping,nlampingaf@google.de,Female,40.126.61.80
377,Garrot,Dalman,gdalmanag@washington.edu,Male,62.178.134.168
378,Ramonda,Volker,rvolkerah@redcross.org,Female,148.94.245.57
379,Avram,Markussen,amarkussenai@bigcartel.com,Male,252.153.59.44
380,Tabatha,Teas,tteasaj@pcworld.com,Female,244.195.18.146
381,Erny,McEvay,emcevayak@ycombinator.com,Male,110.34.53.106
382,Hyacinthie,Tudge,htudgeal@who.int,Female,161.244.195.198
383,Kate,Cuer,kcueram@blinklist.com,Female,161.219.148.44
384,Chicky,Grainge,cgraingean@salon.com,Female,186.82.223.73
385,Kliment,Felder,kfelderao@ovh.net,Male,84.64.214.65
386,Danie,Bolderstone,dbolderstoneap@altervista.org,Male,84.168.239.46
387,Emera,Dahmke,edahmkeaq@chicagotribune.com,Female,49.58.10.191
388,Pia,Indgs,pindgsar@ifeng.com,Female,214.56.151.233
389,Janie,Worg,jworgas@surveymonkey.com,Female,251.252.232.195
390,Jaclyn,O'Keevan,jokeevanat@qq.com,Female,150.191.205.152
391,Jeremiah,Gilstin,jgilstinau@cisco.com,Male,195.106.102.86
392,Rhianna,Fredy,rfredyav@weather.com,Female,225.17.187.188
393,Perice,Lamming,plammingaw@w3.org,Male,136.1.235.152
394,Glenna,Sinden,gsindenax@reuters.com,Female,103.89.201.15
395,Bryn,Steanyng,bsteanyngay@wordpress.com,Female,122.47.6.167
396,Jordan,Stetlye,jstetlyeaz@mediafire.com,Female,34.140.102.12
397,Maximo,Botwright,mbotwrightb0@reference.com,Male,185.138.152.252
398,Jamal,Jenteau,jjenteaub1@icio.us,Male,143.115.98.76
399,Bendicty,Hencke,bhenckeb2@marketwatch.com,Male,46.117.186.247
400,Niles,Scahill,nscahillb3@ft.com,Male,198.212.191.178
401,Maud,Dewsnap,mdewsnapb4@gravatar.com,Female,72.185.254.105
402,Faulkner,Simioli,fsimiolib5@indiegogo.com,Male,236.124.198.216
403,Ray,Keepin,rkeepinb6@cdc.gov,Female,54.66.174.4
404,Georg,Cooling,gcoolingb7@shop-pro.jp,Male,109.78.164.163
405,Otis,Argrave,oargraveb8@va.gov,Male,237.31.67.100
406,Jamill,Bagwell,jbagwellb9@comcast.net,Male,59.198.53.212
407,Rowland,Gulley,rgulleyba@51.la,Male,146.48.162.123
408,Worth,Trewett,wtrewettbb@51.la,Male,206.145.147.239
409,Sharlene,Bratty,sbrattybc@alibaba.com,Female,125.247.196.174
410,Cart,Rollason,crollasonbd@foxnews.com,Male,17.24.135.148
411,Merell,Clemett,mclemettbe@apache.org,Male,173.15.169.177
412,Etheline,Kelshaw,ekelshawbf@lulu.com,Female,242.66.43.39
413,Gal,Lemanu,glemanubg@businessweek.com,Male,88.78.146.66
414,Audrey,Pumphreys,apumphreysbh@nhs.uk,Female,246.244.3.100
415,Steve,Riddiford,sriddifordbi@51.la,Male,115.181.80.128
416,Kerstin,Orme,kormebj@discovery.com,Female,22.28.216.178
417,Arlan,Galtone,agaltonebk@behance.net,Male,252.55.71.180
418,Lucho,Comsty,lcomstybl@simplemachines.org,Male,206.153.253.103
419,Tully,Keyzman,tkeyzmanbm@zdnet.com,Male,127.96.142.157
420,Laurianne,Prendergast,lprendergastbn@timesonline.co.uk,Female,144.94.104.247
421,Klara,Maryan,kmaryanbo@yale.edu,Female,170.115.31.165
422,Adelheid,Barenskie,abarenskiebp@icq.com,Female,141.147.194.197
423,Roxane,Rix,rrixbq@indiatimes.com,Female,95.182.160.130
424,Stanislaus,Cartmel,scartmelbr@dailymail.co.uk,Male,164.25.145.180
425,Drud,Bagger,dbaggerbs@dailymotion.com,Male,196.171.204.183
426,Judye,Woodyear,jwoodyearbt@google.pl,Female,54.237.142.124
427,Georgiana,Mainz,gmainzbu@tinypic.com,Female,222.203.90.143
428,Kerianne,Aspole,kaspolebv@eventbrite.com,Female,61.176.249.240
429,Francesca,Fillery,ffillerybw@google.nl,Female,76.195.171.90
430,Layton,Hillen,lhillenbx@reverbnation.com,Male,120.6.208.239
431,Tanny,Knapp,tknappby@ca.gov,Male,38.187.28.166
432,Whitney,Punter,wpunterbz@narod.ru,Male,65.180.217.249
433,Mag,Bernardeau,mbernardeauc0@netvibes.com,Female,45.127.210.165
434,Shirleen,Laux,slauxc1@oracle.com,Female,20.50.8.25
435,Henrie,Hayers,hhayersc2@java.com,Female,107.19.121.26
436,Ashleigh,Van de Velde,avandeveldec3@chron.com,Female,145.179.43.87
437,Owen,Dorrian,odorrianc4@yahoo.co.jp,Male,137.51.120.71
438,Wilbur,Poppleton,wpoppletonc5@geocities.com,Male,194.158.92.127
439,Harrison,Gisburn,hgisburnc6@zimbio.com,Male,205.7.144.94
440,Angie,Gravell,agravellc7@ycombinator.com,Male,37.108.211.123
441,Roscoe,Morecomb,rmorecombc8@discuz.net,Male,103.47.40.24
442,Ella,Guarin,eguarinc9@timesonline.co.uk,Female,53.117.60.90
443,Welbie,Gerardet,wgerardetca@google.cn,Male,150.25.112.135
444,Winny,Flitcroft,wflitcroftcb@1688.com,Female,69.200.30.106
445,Noah,Seckington,nseckingtoncc@independent.co.uk,Male,157.246.28.126
446,Chance,Ireson,ciresoncd@princeton.edu,Male,82.122.49.190
447,Esther,Stonehouse,estonehousece@squidoo.com,Female,233.74.160.128
448,Adina,Manus,amanuscf@so-net.ne.jp,Female,54.53.119.216
449,Quintana,Johnston,qjohnstoncg@newyorker.com,Female,133.147.192.52
450,Darbee,Showalter,dshowalterch@dion.ne.jp,Male,154.11.195.19
451,Cammy,Leven,clevenci@earthlink.net,Male,170.44.164.220
452,D'arcy,Beeching,dbeechingcj@moonfruit.com,Male,104.61.233.98
453,Em,MacGille,emacgilleck@skyrock.com,Male,113.58.198.13
454,Lauri,Cumberbatch,lcumberbatchcl@ibm.com,Female,200.150.6.190
455,Elias,Manuello,emanuellocm@cbslocal.com,Male,181.112.20.242
456,Eddi,Cejka,ecejkacn@ameblo.jp,Female,21.62.116.194
457,Nissy,Thomson,nthomsonco@cornell.edu,Female,114.152.105.134
458,Alfonso,Rodie,arodiecp@smh.com.au,Male,141.157.166.10
459,Kalina,Howley,khowleycq@slideshare.net,Female,140.113.185.246
460,Jinny,Sanford,jsanfordcr@ft.com,Female,218.192.139.111
461,Desdemona,Boarder,dboardercs@histats.com,Female,133.167.185.47
462,Dita,Brando,dbrandoct@blog.com,Female,122.103.164.90
463,Cullan,Ellesworthe,cellesworthecu@is.gd,Male,49.239.175.45
464,Ardine,Dedney,adedneycv@si.edu,Female,143.73.252.73
465,Kassandra,Walley,kwalleycw@java.com,Female,165.167.239.184
466,Yancey,Grindley,ygrindleycx@altervista.org,Male,203.190.251.68
467,Marlo,Fidgeon,mfidgeoncy@elpais.com,Female,138.192.13.136
468,Blair,Treadgear,btreadgearcz@elpais.com,Male,165.218.150.52
469,Chryste,Brain,cbraind0@e-recht24.de,Female,46.16.73.66
470,Jenda,Symmers,jsymmersd1@merriam-webster.com,Female,25.173.65.38
471,Mort,Mitskevich,mmitskevichd2@yelp.com,Male,135.250.43.167
472,Gleda,Roblou,grobloud3@clickbank.net,Female,144.63.244.161
473,Amalita,Raistrick,araistrickd4@mit.edu,Female,237.173.141.218
474,Audie,Marjot,amarjotd5@woothemes.com,Female,248.69.28.67
475,Alvie,Bailey,abaileyd6@marketwatch.com,Male,190.79.226.22
476,Riane,Bowlesworth,rbowlesworthd7@facebook.com,Female,160.105.248.58
477,Yank,Hassewell,yhassewelld8@fc2.com,Male,195.117.221.0
478,Northrop,Rimmington,nrimmingtond9@timesonline.co.uk,Male,217.35.140.56
479,Juliette,Jenteau,jjenteauda@upenn.edu,Female,15.63.113.191
480,Sharla,Cowl,scowldb@microsoft.com,Female,205.21.169.5
481,Rube,Steadman,rsteadmandc@eventbrite.com,Male,146.41.155.58
482,Janeta,Ricson,jricsondd@flickr.com,Female,24.30.137.130
483,Diandra,Galvan,dgalvande@google.it,Female,44.198.111.135
484,Thibaut,MacCafferty,tmaccaffertydf@cbc.ca,Male,126.219.231.156
485,Jervis,Sage,jsagedg@hexun.com,Male,55.126.198.217
486,Waldemar,Peppett,wpeppettdh@squidoo.com,Male,114.45.145.15
487,Darrell,Bowle,dbowledi@nytimes.com,Male,66.3.93.113
488,Haskel,Fairbrother,hfairbrotherdj@addtoany.com,Male,165.250.132.179
489,Yardley,Gerring,ygerringdk@skype.com,Male,199.201.44.197
490,Talia,Redfield,tredfielddl@opera.com,Female,63.211.106.173
491,Patience,Andersen,pandersendm@slate.com,Female,194.93.53.91
492,Gilda,Houlahan,ghoulahandn@macromedia.com,Female,243.209.116.232
493,Trumaine,Postles,tpostlesdo@histats.com,Male,176.165.41.161
494,Denni,Breitling,dbreitlingdp@cbslocal.com,Female,253.133.223.211
495,Reinhold,Tonkinson,rtonkinsondq@sciencedirect.com,Male,53.10.24.136
496,Sydel,Pillman,spillmandr@hud.gov,Female,233.85.104.241
497,Viva,Smorthit,vsmorthitds@elpais.com,Female,76.193.62.43
498,Herman,Humbie,hhumbiedt@macromedia.com,Male,165.15.137.95
499,Sarine,Pattini,spattinidu@engadget.com,Female,197.113.200.40
500,Jodie,Casol,jcasoldv@gravatar.com,Male,190.52.86.190
501,Annabal,Chastang,achastangdw@cloudflare.com,Female,164.239.55.228
502,Gustaf,Marusic,gmarusicdx@weibo.com,Male,52.83.23.140
503,Yehudi,Pryer,ypryerdy@hc360.com,Male,250.247.68.198
504,Erminie,Valett,evalettdz@netlog.com,Female,202.159.114.1
505,Englebert,Trenfield,etrenfielde0@ftc.gov,Male,97.138.88.92
506,Andeee,Bogart,abogarte1@hao123.com,Female,134.25.142.118
507,Hans,Weldrick,hweldricke2@blogger.com,Male,20.110.22.149
508,Robbi,Brattan,rbrattane3@reverbnation.com,Female,179.190.232.209
509,Vidovic,Byrd,vbyrde4@economist.com,Male,79.19.74.137
510,Ethel,Vosse,evossee5@paypal.com,Female,16.118.12.196
511,Boote,Kulicke,bkulickee6@etsy.com,Male,130.103.24.174
512,Gare,O'Cahey,gocaheye7@state.tx.us,Male,106.231.22.116
513,Frasco,Kastel,fkastele8@simplemachines.org,Male,180.111.199.112
514,Sylvia,Try,strye9@businesswire.com,Female,64.107.107.57
515,Hartley,Kasman,hkasmanea@cloudflare.com,Male,213.0.232.149
516,Neville,Morrissey,nmorrisseyeb@army.mil,Male,78.16.100.226
517,Colver,Ranyard,cranyardec@wisc.edu,Male,190.33.57.24
518,Verena,Ellsbury,vellsburyed@noaa.gov,Female,149.72.168.76
519,Chaunce,Tomes,ctomesee@irs.gov,Male,64.215.11.93
520,Rochella,Hickin,rhickinef@blinklist.com,Female,18.33.30.90
521,Lamar,Beswetherick,lbeswetherickeg@list-manage.com,Male,39.153.45.226
522,Thatcher,Heffy,theffyeh@ebay.com,Male,243.64.206.163
523,Errick,McCumskay,emccumskayei@clickbank.net,Male,49.37.203.32
524,Errol,Merle,emerleej@ft.com,Male,29.148.0.110
525,David,Rouzet,drouzetek@gov.uk,Male,85.79.177.12
526,Abey,Shellibeer,ashellibeerel@bravesites.com,Male,60.12.190.178
527,Sissy,Kittley,skittleyem@skyrock.com,Female,97.138.90.112
528,Chadwick,Enrico,cenricoen@dot.gov,Male,148.225.45.254
529,Liza,Candie,lcandieeo@geocities.com,Female,27.168.108.12
530,Renard,Whiff,rwhiffep@sohu.com,Male,180.169.98.176
531,Angie,Becket,abecketeq@nsw.gov.au,Male,243.248.223.242
532,Celestia,Brimilcome,cbrimilcomeer@booking.com,Female,139.152.64.153
533,Dean,McWhirter,dmcwhirteres@tmall.com,Male,161.127.253.26
534,Brannon,Peirone,bpeironeet@cargocollective.com,Male,255.185.38.52
535,Selina,Ebbitt,sebbitteu@sina.com.cn,Female,69.104.26.69
536,Saundra,Laslett,slaslettev@imageshack.us,Male,156.132.226.0
537,Leslie,Koop,lkoopew@squarespace.com,Female,204.103.97.15
538,Alastair,Leer,aleerex@ft.com,Male,190.237.177.9
539,Ilka,Keasley,ikeasleyey@cdc.gov,Female,14.45.221.179
540,Nathanial,Michael,nmichaelez@live.com,Male,34.39.248.237
541,Rania,Bampkin,rbampkinf0@bravesites.com,Female,156.93.138.215
542,Cordy,Hawyes,chawyesf1@mayoclinic.com,Female,17.224.153.199
543,Yardley,Sterke,ysterkef2@so-net.ne.jp,Male,76.13.2.216
544,Vaclav,Arndtsen,varndtsenf3@google.com.hk,Male,49.192.143.89
545,Jodi,Petrazzi,jpetrazzif4@huffingtonpost.com,Male,147.79.186.128
546,Guthry,Ainslie,gainslief5@mozilla.org,Male,32.180.241.183
547,Hillary,Abelson,habelsonf6@cdbaby.com,Female,159.135.75.31
548,Grantley,Fife,gfifef7@princeton.edu,Male,51.160.75.25
549,Vivianne,Hendren,vhendrenf8@t.co,Female,103.40.114.157
550,Dyane,Massimi,dmassimif9@furl.net,Female,176.245.112.221
551,Zelig,Rosiello,zrosiellofa@pbs.org,Male,247.237.7.64
552,Matthias,Snead,msneadfb@cnet.com,Male,6.186.24.178
553,Demetrius,Taffie,dtaffiefc@alexa.com,Male,184.253.130.189
554,Maurise,Edyson,medysonfd@shinystat.com,Male,176.148.56.120
555,Conant,Ronnay,cronnayfe@github.com,Male,141.46.105.114
556,Fabiano,Rowledge,frowledgeff@prweb.com,Male,74.50.77.116
557,Sutton,Sumers,ssumersfg@virginia.edu,Male,161.120.201.34
558,Julissa,Paridge,jparidgefh@cafepress.com,Female,197.4.148.208
559,Silvan,Cheson,schesonfi@amazon.com,Male,11.155.67.95
560,Douglas,Spadollini,dspadollinifj@ox.ac.uk,Male,120.247.207.73
561,Vic,Stower,vstowerfk@miibeian.gov.cn,Male,37.226.146.50
562,Julianna,Gepheart,jgepheartfl@google.co.uk,Female,20.40.25.22
563,Roy,Flaune,rflaunefm@bloomberg.com,Male,149.152.124.171
564,Tracy,Rupp,truppfn@deviantart.com,Female,107.87.251.6
565,Witty,Gammons,wgammonsfo@naver.com,Male,170.160.227.40
566,Josephina,Coughtrey,jcoughtreyfp@friendfeed.com,Female,193.215.163.62
567,Tanney,Rubinek,trubinekfq@barnesandnoble.com,Male,247.76.198.10
568,Killian,Gueny,kguenyfr@hhs.gov,Male,251.17.0.216
569,Allister,Howland,ahowlandfs@usda.gov,Male,191.166.153.255
570,Fredrick,Vernazza,fvernazzaft@answers.com,Male,3.89.250.242
571,Roanna,Cordeiro,rcordeirofu@japanpost.jp,Female,42.237.253.254
572,Bone,Kilgallon,bkilgallonfv@ftc.gov,Male,85.20.152.204
573,Aleksandr,Ferry,aferryfw@unblog.fr,Male,74.125.40.32
574,Rinaldo,Greggs,rgreggsfx@omniture.com,Male,45.236.188.40
575,Jordanna,Ousbie,jousbiefy@reuters.com,Female,133.225.104.166
576,Kristel,Sterricker,ksterrickerfz@jimdo.com,Female,231.23.67.38
577,Murielle,Crowhurst,mcrowhurstg0@digg.com,Female,66.22.1.219
578,Iorgo,Sirr,isirrg1@istockphoto.com,Male,150.45.63.164
579,Collin,Ashbridge,cashbridgeg2@dailymail.co.uk,Male,129.102.180.142
580,Iggy,Humbell,ihumbellg3@wordpress.org,Male,224.113.166.180
581,Trenton,Deards,tdeardsg4@360.cn,Male,58.118.125.138
582,Pen,Child,pchildg5@chicagotribune.com,Male,95.71.89.36
583,Rooney,Bransden,rbransdeng6@cbc.ca,Male,206.240.91.169
584,Nolly,Tanswill,ntanswillg7@admin.ch,Male,224.57.235.199
585,Sam,McGiveen,smcgiveeng8@freewebs.com,Female,254.251.6.111
586,Anallese,Soule,asouleg9@wordpress.org,Female,204.47.255.200
587,Lanita,Shafier,lshafierga@typepad.com,Female,141.219.172.57
588,Perren,Wisniewski,pwisniewskigb@shinystat.com,Male,112.117.202.17
589,Andy,Blann,ablanngc@sina.com.cn,Female,135.173.220.201
590,Gabby,Topping,gtoppinggd@shop-pro.jp,Male,66.139.124.11
591,Brad,Ties,btiesge@go.com,Male,96.63.214.238
592,Jeramey,Roggers,jroggersgf@washington.edu,Male,62.102.83.133
593,Ogdon,Kernley,okernleygg@home.pl,Male,83.84.43.250
594,Tova,Showte,tshowtegh@technorati.com,Female,18.111.93.176
595,Tatiana,Brient,tbrientgi@smugmug.com,Female,163.146.98.226
596,Raviv,Leathley,rleathleygj@imageshack.us,Male,68.236.111.188
597,Wallis,Shuter,wshutergk@simplemachines.org,Male,97.195.54.167
598,Chester,Obray,cobraygl@ox.ac.uk,Male,205.75.180.102
599,Carlyle,McGorman,cmcgormangm@creativecommons.org,Male,174.253.67.19
600,Codi,Stallion,cstalliongn@goo.ne.jp,Female,37.68.3.159
601,Delainey,Keeton,dkeetongo@over-blog.com,Male,153.36.109.203
602,Misha,Girardetti,mgirardettigp@amazon.de,Female,112.185.74.241
603,Brooks,Turl,bturlgq@cyberchimps.com,Male,145.90.102.93
604,Virge,Whanstall,vwhanstallgr@rakuten.co.jp,Male,204.44.51.148
605,Anthia,Teale,atealegs@wordpress.com,Female,212.100.219.174
606,Baird,Medcalf,bmedcalfgt@apache.org,Male,35.23.140.206
607,Sile,Abells,sabellsgu@bandcamp.com,Female,123.158.64.54
608,Frederico,Garraway,fgarrawaygv@businessinsider.com,Male,90.158.174.33
609,Charmine,Guidetti,cguidettigw@hatena.ne.jp,Female,119.94.255.184
610,Cherise,Breeton,cbreetongx@gravatar.com,Female,111.183.109.83
611,Denver,Inglis,dinglisgy@smugmug.com,Male,88.117.131.107
612,Olin,Digan,odigangz@friendfeed.com,Male,16.137.22.230
613,Raquel,Kneafsey,rkneafseyh0@washingtonpost.com,Female,133.89.182.255
614,Trev,Bryden,tbrydenh1@tripadvisor.com,Male,61.34.92.137
615,Ermina,Kennard,ekennardh2@wordpress.com,Female,137.238.225.24
616,Derrik,Caraher,dcaraherh3@unicef.org,Male,163.69.164.236
617,Brett,Kubal,bkubalh4@google.com.br,Female,184.134.9.1
618,Brendis,Janeczek,bjaneczekh5@vkontakte.ru,Male,130.184.165.220
619,Damiano,Packwood,dpackwoodh6@vinaora.com,Male,51.157.80.40
620,Trey,Goosey,tgooseyh7@canalblog.com,Male,107.224.228.28
621,Brandtr,Lowbridge,blowbridgeh8@webs.com,Male,117.98.166.229
622,Salomi,McGairl,smcgairlh9@gov.uk,Female,18.118.112.114
623,Ingamar,Hick,ihickha@mail.ru,Male,2.21.15.27
624,Ingemar,Robbe,irobbehb@ifeng.com,Male,89.195.12.226
625,Lishe,McDonand,lmcdonandhc@xing.com,Female,231.180.241.83
626,Caresse,Fazackerley,cfazackerleyhd@sphinn.com,Female,104.0.164.160
627,Alfonse,Gheorghe,agheorghehe@reddit.com,Male,179.24.240.225
628,Fabien,Pleasance,fpleasancehf@wsj.com,Male,115.196.47.126
629,Artemus,Blewmen,ablewmenhg@slate.com,Male,215.44.115.197
630,Hart,Ferras,hferrashh@sohu.com,Male,225.203.252.15
631,Waldemar,Elloway,wellowayhi@yahoo.co.jp,Male,157.4.5.128
632,Pamelina,Smogur,psmogurhj@biblegateway.com,Female,32.153.5.228
633,Annabella,Forstall,aforstallhk@spiegel.de,Female,90.121.158.34
634,Katharyn,Peters,kpetershl@livejournal.com,Female,75.9.226.207
635,Cello,Weild,cweildhm@shutterfly.com,Male,112.204.175.218
636,Leeland,Lucock,llucockhn@vinaora.com,Male,217.167.220.254
637,Tine,Castiglioni,tcastiglioniho@yolasite.com,Female,114.172.33.91
638,Ora,Depke,odepkehp@go.com,Female,247.243.195.52
639,Pauline,Gennrich,pgennrichhq@seesaa.net,Female,50.135.169.157
640,Ludvig,Drillot,ldrillothr@taobao.com,Male,65.84.121.135
641,Cyndi,Sherlaw,csherlawhs@wix.com,Female,64.99.128.41
642,Roley,Bratton,rbrattonht@jalbum.net,Male,83.103.53.140
643,Isidoro,Pakeman,ipakemanhu@cargocollective.com,Male,128.191.212.137
644,Robbie,Ruston,rrustonhv@bandcamp.com,Male,191.99.52.60
645,Fredrick,Edes,fedeshw@cbslocal.com,Male,159.77.81.225
646,Astra,Chstney,achstneyhx@xrea.com,Female,134.216.255.119
647,Genny,Munsey,gmunseyhy@tmall.com,Female,241.38.238.116
648,Filippo,Kenrack,fkenrackhz@360.cn,Male,105.16.174.212
649,Carlita,Scholcroft,cscholcrofti0@miitbeian.gov.cn,Female,21.38.174.89
650,Carlin,Grigoriscu,cgrigoriscui1@netscape.com,Female,38.108.80.13
651,Erin,Sarney,esarneyi2@fda.gov,Female,142.141.55.153
652,Rice,Simonato,rsimonatoi3@1688.com,Male,173.72.187.123
653,Daphne,Parkman,dparkmani4@google.nl,Female,214.211.78.6
654,Shaylynn,McMylor,smcmylori5@google.com.au,Female,221.180.122.172
655,Corney,Dedden,cdeddeni6@smh.com.au,Male,170.2.195.0
656,Gipsy,Bastin,gbastini7@go.com,Female,144.117.228.23
657,Tasia,Pringle,tpringlei8@yolasite.com,Female,166.161.59.53
658,Dolph,Ramstead,dramsteadi9@squarespace.com,Male,212.106.51.67
659,Dannie,Eddies,deddiesia@miitbeian.gov.cn,Female,175.197.85.72
660,Ange,Dufoure,adufoureib@harvard.edu,Male,147.147.68.96
661,Agretha,Gaythwaite,agaythwaiteic@chronoengine.com,Female,133.50.184.204
662,Farlee,Bruno,fbrunoid@foxnews.com,Male,101.6.20.19
663,Skye,Dany,sdanyie@walmart.com,Male,86.6.166.199
664,Fraze,Kloisner,fkloisnerif@gov.uk,Male,232.3.73.96
665,Maxi,Windram,mwindramig@tripod.com,Female,108.118.253.154
666,Misty,Ferraro,mferraroih@addtoany.com,Female,186.80.251.14
667,Rey,Connerly,rconnerlyii@squarespace.com,Female,44.98.131.9
668,Roxanna,Laban,rlabanij@cyberchimps.com,Female,207.36.61.60
669,Allayne,Coan,acoanik@clickbank.net,Male,147.26.198.121
670,Teddie,Pentony,tpentonyil@purevolume.com,Male,161.166.170.16
671,Augie,Utterson,auttersonim@theglobeandmail.com,Male,166.77.60.172
672,Obed,Heasley,oheasleyin@dailymotion.com,Male,162.153.209.122
673,Alica,Demonge,ademongeio@reuters.com,Female,191.91.219.27
674,Carly,Fishbourn,cfishbournip@mapquest.com,Female,46.220.246.0
675,Abby,Spilsted,aspilstediq@hubpages.com,Male,188.11.254.90
676,Deena,Comford,dcomfordir@printfriendly.com,Female,87.181.210.236
677,Alaster,Blakey,ablakeyis@gov.uk,Male,127.105.195.98
678,Dorotea,MacSharry,dmacsharryit@wufoo.com,Female,87.148.36.254
679,Biron,Canceller,bcancelleriu@furl.net,Male,52.48.249.51
680,Lief,Ryley,lryleyiv@examiner.com,Male,54.118.49.94
681,Haley,Ruxton,hruxtoniw@free.fr,Female,250.238.5.64
682,Fanechka,Pywell,fpywellix@wikimedia.org,Female,7.200.2.75
683,Estrellita,Restorick,erestorickiy@networkadvertising.org,Female,118.114.16.38
684,Mignon,Jacobsohn,mjacobsohniz@google.ru,Female,4.161.41.191
685,Glynnis,Cersey,gcerseyj0@histats.com,Female,102.209.173.85
686,Robinson,Hancox,rhancoxj1@nbcnews.com,Male,176.203.234.241
687,Sebastian,Symcoxe,ssymcoxej2@skyrock.com,Male,44.198.97.47
688,Josias,Camocke,jcamockej3@blogger.com,Male,93.91.118.152
689,Kareem,Lovelace,klovelacej4@toplist.cz,Male,50.34.238.0
690,Charmine,Monkleigh,cmonkleighj5@skype.com,Female,40.141.179.30
691,Carolee,Siemens,csiemensj6@sourceforge.net,Female,213.106.149.49
692,Caryl,Copp,ccoppj7@techcrunch.com,Female,172.37.64.164
693,Hurlee,Kitchinghan,hkitchinghanj8@ycombinator.com,Male,117.209.95.100
694,Annabela,Brede,abredej9@diigo.com,Female,207.24.217.63
695,Eberto,Crunkhorn,ecrunkhornja@live.com,Male,106.221.107.113
696,Melisande,Antusch,mantuschjb@lulu.com,Female,250.232.208.100
697,Berne,Iacomi,biacomijc@biblegateway.com,Male,207.100.129.202
698,Damiano,Copcutt,dcopcuttjd@dot.gov,Male,124.84.10.39
699,Sibelle,Colin,scolinje@comsenz.com,Female,25.40.34.165
700,Kerk,Teasey,kteaseyjf@blogger.com,Male,137.96.122.158
701,Martainn,Dulen,mdulenjg@naver.com,Male,224.84.47.34
702,Derril,Norwich,dnorwichjh@sphinn.com,Male,18.84.210.249
703,Mariska,McTrustey,mmctrusteyji@google.com.au,Female,152.50.194.24
704,Phylis,Hatterslay,phatterslayjj@dyndns.org,Female,195.39.71.139
705,Sanders,Townley,stownleyjk@kickstarter.com,Male,130.23.217.47
706,Owen,Thoumas,othoumasjl@goo.ne.jp,Male,30.162.0.44
707,Howard,Pulman,hpulmanjm@slideshare.net,Male,22.161.29.192
708,Desirae,Padly,dpadlyjn@uol.com.br,Female,150.41.135.5
709,Victor,Crawcour,vcrawcourjo@flickr.com,Male,159.108.45.97
710,Feliza,Laurenson,flaurensonjp@wunderground.com,Female,6.66.181.224
711,Agnola,Lenin,aleninjq@behance.net,Female,16.6.43.172
712,Amargo,Coleiro,acoleirojr@home.pl,Female,212.163.199.112
713,Augustina,Chedzoy,achedzoyjs@creativecommons.org,Female,159.122.86.0
714,Keelia,Durrell,kdurrelljt@live.com,Female,108.154.135.1
715,Andros,Burnand,aburnandju@kickstarter.com,Male,90.245.68.115
716,Guenevere,Morrieson,gmorriesonjv@elegantthemes.com,Female,216.110.180.9
717,Carlyle,Sturm,csturmjw@amazon.co.jp,Male,90.33.64.216
718,Glennie,Tembridge,gtembridgejx@nytimes.com,Female,173.64.142.102
719,Dorey,Sweedy,dsweedyjy@addtoany.com,Female,193.56.122.67
720,Ottilie,Casado,ocasadojz@ebay.com,Female,2.80.254.151
721,Elvina,Burmaster,eburmasterk0@sitemeter.com,Female,239.195.33.44
722,Amble,Abramamov,aabramamovk1@csmonitor.com,Male,19.46.125.66
723,Hamish,Deveral,hdeveralk2@ca.gov,Male,45.34.101.218
724,Muffin,Hugh,mhughk3@usgs.gov,Male,109.73.64.53
725,Marlo,McAsgill,mmcasgillk4@weebly.com,Female,222.135.50.49
726,Vitoria,Fautley,vfautleyk5@indiatimes.com,Female,140.134.162.54
727,Marieann,Burch,mburchk6@joomla.org,Female,51.167.201.16
728,Janeta,Metterick,jmetterickk7@youtu.be,Female,186.205.64.128
729,Chico,Marwood,cmarwoodk8@dailymail.co.uk,Male,85.107.33.227
730,Elwin,Posvner,eposvnerk9@indiegogo.com,Male,116.6.162.22
731,Clive,Cressy,ccressyka@webmd.com,Male,2.227.104.176
732,Lory,Austins,laustinskb@xrea.com,Female,101.147.170.40
733,Susannah,Chazette,schazettekc@ca.gov,Female,87.186.100.57
734,Glenine,Teasdale-Markie,gteasdalemarkiekd@photobucket.com,Female,227.162.107.36
735,Eugenio,Wilsey,ewilseyke@gov.uk,Male,156.50.132.243
736,Celie,Spitell,cspitellkf@dmoz.org,Female,1.69.74.174
737,Ulises,Wagenen,uwagenenkg@census.gov,Male,244.117.214.89
738,Benoit,Woodbridge,bwoodbridgekh@ehow.com,Male,15.23.48.33
739,Alli,Dimblebee,adimblebeeki@blogger.com,Female,122.224.33.9
740,Bertram,Sollitt,bsollittkj@rambler.ru,Male,245.108.90.50
741,Joanie,Proudley,jproudleykk@paypal.com,Female,18.126.160.67
742,Wat,Sasser,wsasserkl@ibm.com,Male,30.154.23.60
743,Alisa,Mylan,amylankm@redcross.org,Female,2.57.46.103
744,Don,Yurocjkin,dyurocjkinkn@economist.com,Male,119.106.150.177
745,Gottfried,Leney,gleneyko@w3.org,Male,31.153.188.116
746,Eba,Blincoe,eblincoekp@ihg.com,Female,39.231.77.152
747,Cleo,Windress,cwindresskq@google.com,Female,193.171.202.239
748,Cody,Vazquez,cvazquezkr@ehow.com,Female,152.84.11.132
749,Joachim,Clive,jcliveks@ihg.com,Male,134.172.195.184
750,Lyon,Robrow,lrobrowkt@unesco.org,Male,195.44.147.131
751,Kalie,Bernet,kbernetku@ezinearticles.com,Female,244.9.223.83
752,Ruthie,Avarne,ravarnekv@cbc.ca,Female,190.83.130.73
753,Christalle,Capell,ccapellkw@guardian.co.uk,Female,80.213.242.144
754,Alexia,Tugman,atugmankx@ucla.edu,Female,8.72.22.100
755,Patrizia,Savage,psavageky@java.com,Female,157.59.74.144
756,Jamison,Djuricic,jdjuricickz@dion.ne.jp,Male,194.202.95.204
757,Hercules,Treske,htreskel0@sphinn.com,Male,219.97.159.110
758,Jarib,Thies,jthiesl1@sohu.com,Male,29.134.212.187
759,Zerk,Louisot,zlouisotl2@japanpost.jp,Male,19.136.76.104
760,Davy,Sunock,dsunockl3@furl.net,Male,97.234.135.91
761,Eliza,Wegener,ewegenerl4@booking.com,Female,34.179.18.33
762,Daria,Salisbury,dsalisburyl5@prnewswire.com,Female,56.231.144.179
763,Felicio,Newgrosh,fnewgroshl6@latimes.com,Male,223.99.0.68
764,Harrietta,Aylett,haylettl7@jimdo.com,Female,9.81.242.44
765,Adena,Brittan,abrittanl8@skype.com,Female,85.166.87.12
766,Ky,Ionesco,kionescol9@taobao.com,Male,78.116.157.127
767,Domeniga,Collier,dcollierla@salon.com,Female,70.226.214.60
768,Holden,Mebes,hmebeslb@guardian.co.uk,Male,221.94.127.198
769,Ricca,Barltrop,rbarltroplc@live.com,Female,59.194.116.132
770,Kev,Brychan,kbrychanld@yale.edu,Male,237.6.64.163
771,Conchita,Macrow,cmacrowle@seattletimes.com,Female,233.219.30.240
772,Etta,Westhead,ewestheadlf@edublogs.org,Female,80.39.65.203
773,Steffi,Zelley,szelleylg@forbes.com,Female,56.159.186.240
774,Cale,Slides,cslideslh@alibaba.com,Male,85.32.84.235
775,Reilly,Laetham,rlaethamli@ameblo.jp,Male,34.134.69.235
776,Kristopher,Beisley,kbeisleylj@census.gov,Male,88.240.38.57
777,Erminia,Tompkins,etompkinslk@java.com,Female,207.195.229.18
778,Fayette,Sarfass,fsarfassll@histats.com,Female,78.32.46.77
779,Mick,Simionescu,msimionesculm@mozilla.org,Male,204.254.85.153
780,Grissel,Shrubshall,gshrubshallln@friendfeed.com,Female,91.85.235.99
781,Abbott,Drummond,adrummondlo@census.gov,Male,63.126.236.52
782,Cacilie,Paddon,cpaddonlp@jalbum.net,Female,81.147.26.199
783,Hendrick,Dutchburn,hdutchburnlq@squidoo.com,Male,244.55.51.1
784,Bev,Whales,bwhaleslr@acquirethisname.com,Male,195.138.34.10
785,Emanuel,Ricciardiello,ericciardiellols@issuu.com,Male,246.186.146.42
786,Dasya,Robelet,drobeletlt@aol.com,Female,43.70.74.200
787,Kare,Brisley,kbrisleylu@gov.uk,Female,42.24.157.141
788,Nicolai,Sabin,nsabinlv@japanpost.jp,Male,19.224.112.9
789,Anabal,Easdon,aeasdonlw@berkeley.edu,Female,13.10.110.187
790,Esme,Kinghorn,ekinghornlx@phoca.cz,Female,42.135.14.164
791,Brent,Denley,bdenleyly@apache.org,Male,106.76.209.19
792,Mahmoud,Lefwich,mlefwichlz@webs.com,Male,105.59.172.158
793,Tillie,Eacle,teaclem0@csmonitor.com,Female,43.54.191.222
794,Clerc,Finnis,cfinnism1@de.vu,Male,117.214.105.65
795,Baird,Curnnokk,bcurnnokkm2@sina.com.cn,Male,212.75.96.193
796,Harlie,Hardwick,hhardwickm3@ted.com,Female,54.105.99.210
797,Orson,Nolan,onolanm4@scribd.com,Male,55.132.43.163
798,Henderson,Romanski,hromanskim5@surveymonkey.com,Male,57.200.28.211
799,Jarib,Ingham,jinghamm6@amazon.de,Male,28.107.90.150
800,Ernie,Dewan,edewanm7@ehow.com,Male,111.90.243.33
801,Giffie,Cud,gcudm8@theatlantic.com,Male,151.189.21.184
802,Anderea,Shufflebotham,ashufflebothamm9@hatena.ne.jp,Female,68.162.62.83
803,Swen,Mealing,smealingma@google.ru,Male,220.104.191.136
804,Constantina,Lichfield,clichfieldmb@goo.ne.jp,Female,12.255.133.117
805,Chadwick,Scotford,cscotfordmc@amazon.co.jp,Male,6.61.40.88
806,Lauren,Lampke,llampkemd@bloomberg.com,Female,41.184.90.102
807,Patrice,Itscowics,pitscowicsme@ftc.gov,Female,146.27.41.42
808,Harli,Jellybrand,hjellybrandmf@quantcast.com,Female,235.130.127.245
809,Melanie,Linggard,mlinggardmg@unblog.fr,Female,96.124.221.166
810,Silvie,Penman,spenmanmh@goodreads.com,Female,65.16.98.83
811,Roberta,McEnery,rmcenerymi@nps.gov,Female,175.12.160.133
812,Abigale,Gillford,agillfordmj@yolasite.com,Female,119.27.84.66
813,Joshuah,Tansill,jtansillmk@businessinsider.com,Male,2.45.6.94
814,Zorana,Haresnaip,zharesnaipml@bravesites.com,Female,9.226.226.50
815,Ramsey,Zanassi,rzanassimm@comcast.net,Male,55.226.174.140
816,Antonin,Becaris,abecarismn@typepad.com,Male,130.244.125.128
817,Jillayne,O'Breen,jobreenmo@imageshack.us,Female,210.89.158.75
818,Dorrie,Cuttin,dcuttinmp@wunderground.com,Female,194.52.164.217
819,Roana,Rate,rratemq@webnode.com,Female,17.20.192.118
820,Welby,Barwise,wbarwisemr@marketwatch.com,Male,255.109.208.120
821,Freeman,Burgwin,fburgwinms@cdc.gov,Male,68.77.56.118
822,Sofia,McSwan,smcswanmt@canalblog.com,Female,148.83.51.199
823,Salomon,Ughetti,sughettimu@godaddy.com,Male,41.237.163.23
824,Poul,Lenglet,plengletmv@state.gov,Male,221.97.195.197
825,Mac,Doble,mdoblemw@vkontakte.ru,Male,123.169.196.217
826,Zebulon,Furby,zfurbymx@smh.com.au,Male,222.26.114.23
827,Bordie,Bromfield,bbromfieldmy@fastcompany.com,Male,36.201.124.225
828,Alexi,Tatterton,atattertonmz@delicious.com,Female,19.2.54.255
829,Indira,Gatenby,igatenbyn0@jiathis.com,Female,97.44.105.193
830,Caesar,Maplethorp,cmaplethorpn1@independent.co.uk,Male,34.28.112.12
831,Dorita,Fellini,dfellinin2@t.co,Female,102.179.66.71
832,Keary,Menichi,kmenichin3@vimeo.com,Male,132.87.176.162
833,Constantia,Testo,cteston4@indiegogo.com,Female,250.46.136.100
834,Sibel,Bettanay,sbettanayn5@shutterfly.com,Female,228.27.122.0
835,Saleem,Birnie,sbirnien6@cafepress.com,Male,143.185.79.113
836,Sabine,Gimbrett,sgimbrettn7@fema.gov,Female,84.29.121.224
837,Charla,Gusney,cgusneyn8@addthis.com,Female,147.93.161.172
838,Renee,Kerswell,rkerswelln9@themeforest.net,Female,126.240.162.71
839,Maximilien,Dagwell,mdagwellna@japanpost.jp,Male,194.230.211.209
840,Eugine,Cahey,ecaheynb@sohu.com,Female,16.128.78.122
841,Emmey,Casoni,ecasoninc@twitter.com,Female,73.181.5.148
842,Melita,Cossell,mcossellnd@example.com,Female,188.58.57.88
843,Susannah,Chaters,schatersne@addtoany.com,Female,4.82.178.229
844,Thomasina,Tomaszewicz,ttomaszewicznf@cnbc.com,Female,74.100.141.170
845,Traci,Usborn,tusbornng@yelp.com,Female,78.107.40.206
846,Kerry,Caiger,kcaigernh@umich.edu,Female,57.141.12.124
847,Joline,Crowder,jcrowderni@feedburner.com,Female,98.16.176.250
848,Calla,Steers,csteersnj@i2i.jp,Female,4.64.195.194
849,Averyl,Gerrets,agerretsnk@ycombinator.com,Female,100.188.85.240
850,Ty,Goalley,tgoalleynl@upenn.edu,Male,37.233.157.136
851,Kele,Hargey,khargeynm@123-reg.co.uk,Male,0.80.37.140
852,Georg,Rosle,groslenn@livejournal.com,Male,80.163.136.101
853,Bondy,McAree,bmcareeno@dmoz.org,Male,122.195.164.248
854,Nickey,Strethill,nstrethillnp@unicef.org,Male,98.218.85.214
855,Klarika,Findley,kfindleynq@constantcontact.com,Female,48.151.110.217
856,Wilton,Scimonelli,wscimonellinr@is.gd,Male,195.194.33.71
857,Far,Rozsa,frozsans@hatena.ne.jp,Male,230.176.221.20
858,Ira,Dimitru,idimitrunt@japanpost.jp,Male,65.153.19.136
859,Violetta,Morrice,vmorricenu@gravatar.com,Female,90.158.111.82
860,Clerissa,Pelos,cpelosnv@tuttocitta.it,Female,248.174.153.30
861,Berkeley,Strainge,bstraingenw@theguardian.com,Male,163.251.246.251
862,Roze,Blakelock,rblakelocknx@meetup.com,Female,152.148.178.141
863,Dukey,Malkie,dmalkieny@seesaa.net,Male,13.187.162.233
864,Kassie,Obert,kobertnz@hexun.com,Female,241.169.178.120
865,Stanfield,Normandale,snormandaleo0@bigcartel.com,Male,252.94.130.190
866,Fidela,Meriton,fmeritono1@example.com,Female,215.113.133.60
867,Alex,Linck,alincko2@independent.co.uk,Female,211.126.50.78
868,Ernest,McAlroy,emcalroyo3@usgs.gov,Male,67.209.161.24
869,Enrique,Conroy,econroyo4@dailymotion.com,Male,117.227.102.172
870,Ardine,Anney,aanneyo5@kickstarter.com,Female,46.214.144.58
871,Arlene,Hugli,ahuglio6@baidu.com,Female,130.217.36.68
872,Gwennie,Upham,guphamo7@1688.com,Female,168.56.81.234
873,Marya,Langmuir,mlangmuiro8@omniture.com,Female,149.152.65.213
874,Julie,Hentzeler,jhentzelero9@a8.net,Male,26.130.70.20
875,Urson,Abramof,uabramofoa@printfriendly.com,Male,31.219.195.63
876,Bibby,Rentz,brentzob@nifty.com,Female,75.236.70.239
877,Zara,Lester,zlesteroc@webmd.com,Female,145.223.63.5
878,Rozamond,McLewd,rmclewdod@rediff.com,Female,58.40.29.82
879,Freddie,Hamnet,fhamnetoe@utexas.edu,Female,36.165.204.154
880,Darell,McArdell,dmcardellof@lycos.com,Female,75.156.143.225
881,Gideon,Aronovich,garonovichog@amazon.de,Male,78.53.88.120
882,Iris,Goodisson,igoodissonoh@multiply.com,Female,70.134.206.199
883,Cliff,Sprason,csprasonoi@rediff.com,Male,100.199.184.142
884,Patrice,Bees,pbeesoj@seesaa.net,Female,42.53.22.131
885,Keelia,Rizzo,krizzook@dot.gov,Female,79.228.254.224
886,Clywd,Glaysher,cglaysherol@oracle.com,Male,172.169.67.114
887,Randolph,Ccomini,rccominiom@cbc.ca,Male,171.202.89.57
888,Beryl,McManamon,bmcmanamonon@discovery.com,Female,97.68.167.67
889,Aloysia,Raithbie,araithbieoo@spiegel.de,Female,69.196.83.126
890,Shauna,Ruf,srufop@usnews.com,Female,220.125.111.9
891,Kiele,Koopman,kkoopmanoq@blog.com,Female,76.215.183.58
892,Brose,Chapling,bchaplingor@apple.com,Male,55.113.43.104
893,Margaretha,Paternoster,mpaternosteros@pen.io,Female,191.29.145.215
894,Kendrick,Hindenberger,khindenbergerot@cargocollective.com,Male,109.218.233.155
895,Maddie,Wessing,mwessingou@wufoo.com,Female,158.218.51.65
896,Kurt,Vondrak,kvondrakov@quantcast.com,Male,190.121.238.160
897,Linoel,Taplow,ltaplowow@goodreads.com,Male,63.13.148.171
898,Sibyl,Simpson,ssimpsonox@abc.net.au,Female,84.250.64.27
899,Natal,Heineke,nheinekeoy@cbc.ca,Male,137.88.125.98
900,Aland,Fenn,afennoz@qq.com,Male,167.232.197.133
901,Ronalda,Conaghan,rconaghanp0@alibaba.com,Female,54.5.216.183
902,Juliette,Tomley,jtomleyp1@google.ca,Female,126.96.212.13
903,Maryellen,Wooldridge,mwooldridgep2@google.co.uk,Female,91.129.155.141
904,Charline,Celloni,ccellonip3@uol.com.br,Female,248.87.153.51
905,Garek,Knightsbridge,gknightsbridgep4@hao123.com,Male,191.180.154.70
906,Grazia,Clemenzi,gclemenzip5@google.com,Female,173.240.38.235
907,Constantina,Heck,checkp6@fotki.com,Female,87.0.61.238
908,Linda,Arlet,larletp7@digg.com,Female,250.228.187.208
909,Theo,Cornfield,tcornfieldp8@buzzfeed.com,Female,98.199.241.0
910,Ignacio,Simcoe,isimcoep9@ebay.co.uk,Male,185.190.217.143
911,Crosby,Goodsal,cgoodsalpa@barnesandnoble.com,Male,170.219.193.201
912,Thatcher,Rosendahl,trosendahlpb@columbia.edu,Male,208.33.151.225
913,Enos,Pethrick,epethrickpc@alibaba.com,Male,233.254.166.42
914,Stavro,Wittman,swittmanpd@blogspot.com,Male,208.162.237.33
915,George,Pinnock,gpinnockpe@ebay.com,Male,23.163.223.142
916,Alfy,Skilling,askillingpf@discovery.com,Female,166.157.36.7
917,Bary,Booker,bbookerpg@diigo.com,Male,40.66.227.45
918,Merrielle,Rottenbury,mrottenburyph@1und1.de,Female,43.236.42.203
919,Phelia,Cowle,pcowlepi@fastcompany.com,Female,146.119.226.207
920,Ediva,Gecke,egeckepj@marriott.com,Female,123.159.1.47
921,Tracy,Harcase,tharcasepk@plala.or.jp,Female,175.96.229.54
922,Alonso,Guinane,aguinanepl@mapy.cz,Male,119.109.200.109
923,Inglis,MacCague,imaccaguepm@globo.com,Male,23.230.85.112
924,Brendin,Shillitto,bshillittopn@hc360.com,Male,84.167.154.59
925,Thedric,Gregoratti,tgregorattipo@scribd.com,Male,111.60.211.62
926,Francklyn,Vise,fvisepp@patch.com,Male,142.75.115.220
927,Tamara,Wardhaw,twardhawpq@friendfeed.com,Female,138.97.76.176
928,Britta,Luparti,blupartipr@netvibes.com,Female,25.227.60.112
929,Nelle,Farragher,nfarragherps@about.com,Female,131.154.148.36
930,Bing,Brompton,bbromptonpt@mlb.com,Male,153.111.85.251
931,Ker,Romke,kromkepu@sakura.ne.jp,Male,27.40.254.52
932,Cyril,Aurelius,caureliuspv@vkontakte.ru,Male,221.90.74.15
933,Keith,Gammade,kgammadepw@marketwatch.com,Male,84.20.104.166
934,Christos,Dowbekin,cdowbekinpx@businessinsider.com,Male,129.188.222.9
935,Benn,Busst,bbusstpy@nhs.uk,Male,68.40.103.166
936,Joycelin,Gotcher,jgotcherpz@ihg.com,Female,154.18.118.214
937,Ronna,Hutfield,rhutfieldq0@about.me,Female,53.80.17.109
938,Berk,Strickler,bstricklerq1@google.com.au,Male,85.242.27.214
939,Spense,Charnley,scharnleyq2@de.vu,Male,60.126.177.11
940,Vania,Corstan,vcorstanq3@jiathis.com,Female,132.200.236.125
941,Dido,Avrahamian,davrahamianq4@seesaa.net,Female,73.174.113.52
942,Cris,Vallentin,cvallentinq5@marketwatch.com,Female,66.91.57.235
943,Van,Beverage,vbeverageq6@redcross.org,Male,15.63.201.148
944,Marney,Gosart,mgosartq7@xinhuanet.com,Female,146.229.27.15
945,Giordano,Sickling,gsicklingq8@bluehost.com,Male,243.251.250.28
946,Sanders,Sherer,sshererq9@rediff.com,Male,48.96.204.108
947,Aldous,Baly,abalyqa@mtv.com,Male,210.43.242.5
948,Ad,Methingam,amethingamqb@bbb.org,Male,234.116.34.101
949,Misti,Alwell,malwellqc@bbb.org,Female,102.39.12.100
950,Galvan,Bachnic,gbachnicqd@joomla.org,Male,161.219.209.230
951,Ariel,Keelinge,akeelingeqe@digg.com,Female,1.36.18.15
952,Tobye,Buxey,tbuxeyqf@washington.edu,Female,43.252.30.234
953,Cirillo,Mingotti,cmingottiqg@ucoz.com,Male,32.113.4.8
954,Efren,Kentish,ekentishqh@techcrunch.com,Male,214.10.58.214
955,Paige,Stuckey,pstuckeyqi@zimbio.com,Male,238.57.95.46
956,Vinni,Watterson,vwattersonqj@gmpg.org,Female,132.98.90.213
957,Wallache,Hutchings,whutchingsqk@virginia.edu,Male,189.97.28.86
958,Loralee,Pimer,lpimerql@bloglines.com,Female,35.182.88.89
959,Matty,Channon,mchannonqm@timesonline.co.uk,Female,118.41.246.151
960,Dulce,Powton,dpowtonqn@discovery.com,Female,53.236.24.214
961,Rubia,Headrick,rheadrickqo@ezinearticles.com,Female,227.32.28.90
962,Godiva,FitzAlan,gfitzalanqp@state.tx.us,Female,40.119.93.193
963,Ami,Lumley,alumleyqq@google.com,Female,251.109.38.143
964,Horacio,Binnes,hbinnesqr@pinterest.com,Male,232.3.76.117
965,Brendis,MacCole,bmaccoleqs@mlb.com,Male,112.140.189.120
966,Simone,Petran,spetranqt@blogger.com,Male,225.240.156.112
967,Dareen,McGuinness,dmcguinnessqu@telegraph.co.uk,Female,216.25.83.205
968,Anestassia,McMichell,amcmichellqv@ft.com,Female,121.177.216.253
969,Jade,Grimditch,jgrimditchqw@paginegialle.it,Female,81.180.110.242
970,Alonso,Rist,aristqx@163.com,Male,50.222.9.159
971,Alair,Romain,aromainqy@bandcamp.com,Male,115.239.234.198
972,Bryn,Calabry,bcalabryqz@globo.com,Male,193.208.166.115
973,Keelby,Augustine,kaugustiner0@tumblr.com,Male,74.246.87.237
974,Dusty,Darbishire,ddarbishirer1@infoseek.co.jp,Female,142.68.159.56
975,Hugibert,Samuels,hsamuelsr2@storify.com,Male,12.27.174.44
976,Ara,Jancey,ajanceyr3@exblog.jp,Female,112.211.31.206
977,Dulsea,Chiplin,dchiplinr4@cbsnews.com,Female,105.49.142.37
978,Tadeo,Mouse,tmouser5@uol.com.br,Male,190.19.112.0
979,Eziechiele,Crecy,ecrecyr6@fotki.com,Male,190.122.100.56
980,Anneliese,Currie,acurrier7@google.com,Female,243.129.216.55
981,Eberto,Brussell,ebrussellr8@hugedomains.com,Male,109.253.9.31
982,Jens,Cawthry,jcawthryr9@businesswire.com,Male,252.96.140.94
983,Dorella,Jorge,djorgera@list-manage.com,Female,184.245.142.97
984,Gayle,Snare,gsnarerb@live.com,Male,32.41.72.27
985,Veronike,Wallentin,vwallentinrc@spiegel.de,Female,6.232.251.4
986,Roseline,Kern,rkernrd@symantec.com,Female,222.79.174.56
987,Peirce,Altamirano,paltamiranore@mashable.com,Male,195.54.126.95
988,Ambrosio,Trainer,atrainerrf@dot.gov,Male,158.61.75.193
989,Maure,Ockleshaw,mockleshawrg@icio.us,Female,204.28.79.150
990,Corny,Moorman,cmoormanrh@jiathis.com,Male,180.242.209.41
991,Dionisio,Leason,dleasonri@biglobe.ne.jp,Male,222.65.26.129
992,Ulric,Heinish,uheinishrj@posterous.com,Male,209.50.35.46
993,Eal,Greathead,egreatheadrk@github.io,Male,92.114.180.57
994,Moishe,Sawkins,msawkinsrl@va.gov,Male,2.78.221.237
995,Madella,Passo,mpassorm@ucoz.ru,Female,158.28.193.244
996,Holly-anne,MacNalley,hmacnalleyrn@nsw.gov.au,Female,174.134.126.72
997,Jeremias,Saile,jsailero@over-blog.com,Male,20.175.151.75
998,Baron,Kinnerk,bkinnerkrp@tripadvisor.com,Male,54.170.186.91
999,Carlynne,Philippe,cphilipperq@alexa.com,Female,55.142.122.187
1000,Meredeth,McKnockiter,mmcknockiterrr@wikimedia.org,Male,51.166.187.30
